"CERT","CITYST","COST","FAILDATE","ID","NAME","QBFASSET","QBFDEP","RESTYPE"
14228,"CARLISLE, IA",11574,"1/14/2000","3524","HARTFORD-CARLISLE SB",105044,68549,"FAILURE"
27886,"ATLANTA, GA",1322,"3/10/2000","3525","MUTUAL FEDERAL SAVINGS BANK OF ATLANTA",31479,32234,"FAILURE"
25056,"RIDGECREST, CA",617,"6/2/2000","3526","MONUMENT NATIONAL BANK",7923,7680,"FAILURE"
10985,"ALMELUND, MN",1363,"7/14/2000","3527","TOWN & COUNTRY BANK OF ALMELUND",25942,26667,"FAILURE"
338,"FALKNER, MS",14592,"9/29/2000","3528","BANK OF FALKNER",85485,77140,"FAILURE"
21029,"HONOLULU, HI",400,"10/13/2000","3529","BANK OF HONOLULU",63890,59037,"FAILURE"
3815,"METROPOLIS, IL",2670,"12/14/2000","3530","NATIONAL STATE BANK OF METROPOLIS",90397,71277,"FAILURE"
34264,"MANCHESTER, NH",817,"2/2/2001","3531","FIRST ALLIANCE BANK AND TRUST CO",17438,16931,"FAILURE"
6629,"MALTA, OH",769,"5/3/2001","3532","MALTA NATIONAL BANK",9075,8728,"FAILURE"
32646,"HINSDALE, IL",286673,"7/27/2001","3533","SUPERIOR BANK, FSB",1765455,1609501,"FAILURE"
34248,"GRAVETTE, AR",4206,"9/7/2001","3534","SINCLAIR NATIONAL BANK",29792,26054,"FAILURE"
24382,"MIAMI, FL",101748,"1/11/2002","3535","HAMILTON BANK, NATIONAL ASSOCIATION",1409496,1298731,"FAILURE"
22002,"SIERRA BLANCA, TX",4574,"1/18/2002","3536","BANK OF SIERRA BLANCA",10764,9914,"FAILURE"
8966,"OAKWOOD, OH",63600,"2/1/2002","3537","OAKWOOD DEPOSIT BANK",72267,60168,"FAILURE"
22314,"PHOENIX, AZ",164047,"2/7/2002","3538","NEXTBANK",700180,551297,"FAILURE"
26652,"BOCA RATON, FL",0,"3/1/2002","3539","NET FIRST NATIONAL BANK",37207,31601,"FAILURE"
34979,"SHELBY TOWNSHIP, MI",4440,"3/28/2002","3540","NEW CENTURY BANK",21091,18902,"FAILURE"
19183,"STAMFORD, CT",53784,"6/26/2002","3541","CONNECTICUT BANK OF COMMERCE",384172,344416,"FAILURE"
29355,"CHICAGO, IL",274,"6/27/2002","3542","UNIVERSAL FSB",51628,40340,"FAILURE"
33784,"ATLANTA, GA",1326,"9/30/2002","3543","AMTRADE INTERNATIONAL BANK OF GEORGIA",92144,73205,"FAILURE"
9961,"ALAMO, TN",9316,"11/8/2002","3544","BANK OF ALAMO",58454,52157,"FAILURE"
16445,"CHENEYVILLE, LA",12205,"12/17/2002","3545","THE FARMERS BANK & TRUST OF CHENEYVILLE",35317,32103,"FAILURE"
27094,"TORRANCE, CA",49179,"2/7/2003","3546","SOUTHERN PACIFIC BANK",904294,864160,"FAILURE"
11639,"BLANCHARDVILLE, WI",12788,"5/9/2003","3547","THE FIRST NATIONAL BANK OF BLANCHARDVILLE",34536,28760,"FAILURE"
27203,"PHILADELPHIA, PA",679,"11/14/2003","3548","PULASKI SAVINGS BANK",8487,9058,"FAILURE"
31330,"NEWARK, NJ",0,"2/14/2004","3549","DOLLAR SAVINGS BANK",13408,10909,"FAILURE"
26838,"TALLAHASSEE, FL",0,"3/12/2004","3550","GUARANTY NATIONAL BANK",71280,65614,"FAILURE"
26778,"WHITE PLAINS, NY",919,"3/19/2004","3551","RELIANCE BANK",28637,27881,"FAILURE"
1249,"EPHRAIM, UT",2998,"6/25/2004","3552","BANK OF EPHRAIM",56774,52329,"FAILURE"
35353,"PITTSBURGH, PA",9438,"2/2/2007","3553","METROPOLITAN SAVINGS BANK",15760,14540,"FAILURE"
32575,"ALPHARETTA, GA",119608,"9/28/2007","3554","NETBANK",2473806,2290046,"FAILURE"
16848,"LAKEVIEW, OH",28394,"10/4/2007","3555","MIAMI VALLEY BANK",125362,119601,"FAILURE"
24660,"KANSAS CITY, MO",7157,"1/25/2008","3556","DOUGLASS NATIONAL BANK",52824,50250,"FAILURE"
1971,"HUME, MO",3755,"3/7/2008","3557","HUME BANK",18682,13566,"FAILURE"
33901,"BENTONVILLE, AR",1025204,"5/9/2008","3558","ANB FINANCIAL NATIONAL ASSOCIATION",1895545,1815691,"FAILURE"
12736,"STAPLES, MN",10305,"5/30/2008","3559","FIRST INTEGRITY BANK, N.A.",52916,50178,"FAILURE"
29730,"PASADENA, CA",11981360,"7/11/2008","3560","INDYMAC BANK F.S.B",30698512,18941727,"FAILURE"
57961,"NEWPORT BEACH, CA",92139,"7/25/2008","3561","FIRST HERITAGE BANK N.A.",255376,234812,"FAILURE"
27011,"RENO, NV",709912,"7/25/2008","3562","FIRST NATIONAL BANK OF NEVADA",3411145,3038053,"FAILURE"
57523,"BRADENTON, FL",95555,"8/1/2008","3563","FIRST PRIORITY BANK",258610,226698,"FAILURE"
22728,"TOPEKA, KS",334277,"8/22/2008","3564","THE COLUMBIAN BANK AND TRUST COMPANY",735071,620354,"FAILURE"
35469,"ALPHARETTA, GA",465942,"8/29/2008","3565","INTEGRITY BANK",1107514,962456,"FAILURE"
34194,"HENDERSON, NV",722104,"9/5/2008","3566","SILVER STATE BANK",1957120,1733091,"FAILURE"
6782,"NORTHFORK, WV",38290,"9/19/2008","3567","AMERIBANK, INC.",103965,100901,"FAILURE"
32633,"HENDERSON, NV",0,"9/25/2008","3568","WASHINGTON MUTUAL BANK",307021614,188260793,"FAILURE"
57654,"NORTHVILLE, MI",56318,"10/10/2008","3569","MAIN STREET BANK",112368,98934,"FAILURE"
13789,"ELDRED, IL",16618,"10/10/2008","3570","MERIDIAN BANK",38223,36090,"FAILURE"
58241,"ALPHARETTA, GA",211264,"10/24/2008","3571","ALPHA BANK & TRUST",354090,344231,"FAILURE"
57930,"BRADENTON, FL",113456,"10/31/2008","3572","FREEDOM BANK",270842,256793,"FAILURE"
26870,"HOUSTON, TX",614111,"11/7/2008","3573","FRANKLIN BANK, SSB",5089260,3692887,"FAILURE"
23595,"SAN DIEGO, CA",148255,"11/7/2008","3574","SECURITY PACIFIC BANK",527959,456472,"FAILURE"
30968,"NEWPORT BEACH, CA",151232,"11/21/2008","3575","DOWNEY SAVINGS AND LOAN ASSOCIATION, F.A.",12779371,9653169,"FAILURE"
28344,"POMONA, CA",258807,"11/21/2008","3576","PFF BANK & TRUST",3715433,2393845,"FAILURE"
16490,"LOGANVILLE, GA",335062,"11/21/2008","3577","THE COMMUNITY BANK",634901,603733,"FAILURE"
18923,"CENTURY CITY, CA",,"11/23/2008","3578","CITIBANK (BANAMEX USA)",1322720,876086,"ASSISTANCE"
23360,"SIOUX FALLS, SD",,"11/23/2008","3579","CITIBANK (SOUTH DAKOTA), N.A.",77737957,42356986,"ASSISTANCE"
7213,"LAS VEGAS, NV",,"11/23/2008","3580","CITIBANK, NATIONAL ASSOCIATION",1207007000,230042000,"ASSISTANCE"
18708,"WILMINGTON, DE",,"11/23/2008","3581","CITICORP TRUST BANK, FSB",19599414,7231013,"ASSISTANCE"
58180,"SIOUX FALLS, SD",,"11/23/2008","3582","DEPARTMENT STORES NATIONAL BANK",374903,300881,"ASSISTANCE"
34301,"JACKSON, GA",86315,"12/5/2008","3583","FIRST GEORGIA COMMUNITY BANK",256371,215287,"FAILURE"
35379,"DULUTH, GA",246603,"12/12/2008","3584","HAVEN TRUST BANK",559551,489692,"FAILURE"
11568,"SANDERSON, TX",7710,"12/12/2008","3585","SANDERSON STATE BANK",38217,32012,"FAILURE"
25178,"SAN FRANCISCO, CA",,"1/16/2009","3586","BANK OF AMERICA CALIFORNIA N.A.",21502223,500,"ASSISTANCE"
3510,"CHARLOTTE, NC",,"1/16/2009","3587","BANK OF AMERICA N.A.",1471631047,954677580,"ASSISTANCE"
35453,"PORTLAND, OR",,"1/16/2009","3588","BANK OF AMERICA OREGON N.A.",11526309,500,"ASSISTANCE"
58032,"PROVIDENCE, RI",,"1/16/2009","3589","BANK OF AMERICA RHODE ISLAND N.A.",35410586,500,"ASSISTANCE"
34959,"VANCOUVER, WA",150724,"1/16/2009","3590","BANK OF CLARK COUNTY",441085,377506,"FAILURE"
33143,"ALEXANDRIA, VA",,"1/16/2009","3591","COUNTRYWIDE BANK FSB",117978966,43663251,"ASSISTANCE"
33318,"WILMINGTON, DE",,"1/16/2009","3592","FIA CARD SERVICES N.A.",159637136,9816599,"ASSISTANCE"
34571,"NEW YORK, NY",,"1/16/2009","3593","MERRILL LYNCH BANK & TRUST CO FSB",37986413,28539028,"ASSISTANCE"
27374,"SALT LAKE CITY, UT",,"1/16/2009","3594","MERRILL LYNCH BANK USA",61809503,53620324,"ASSISTANCE"
19733,"BERKELEY, IL",80488,"1/16/2009","3595","NATIONAL BANK OF COMMERCE",419741,395868,"FAILURE"
33025,"REDLANDS, CA",136041,"1/23/2009","3596","1ST CENTENNIAL BANK",797959,678570,"FAILURE"
58001,"SALT LAKE CITY, UT",170125,"1/30/2009","3597","MAGNET BANK",300674,282578,"FAILURE"
26538,"OCALA, FL",93552,"1/30/2009","3598","OCALA NATIONAL BANK",219424,204663,"FAILURE"
30763,"CROFTON, MD",73819,"1/30/2009","3599","SUBURBAN FEDERAL SAVINGS BANK",347408,301847,"FAILURE"
23124,"CULVER CITY, CA",118079,"2/6/2009","3600","ALLIANCE BANK",1113361,951106,"FAILURE"
22574,"MERCED, CA",61783,"2/6/2009","3601","COUNTY BANK",1711552,1324635,"FAILURE"
57017,"MCDONOUGH, GA",151333,"2/6/2009","3602","FIRSTBANK FINANCIAL SERVICES",317237,279308,"FAILURE"
16500,"PITTSFIELD, IL",80894,"2/13/2009","3603","CORN BELT BANK AND TRUST COMPANY",260201,233788,"FAILURE"
57342,"BEAVERTON, OR",10218,"2/13/2009","3604","PINNACLE BANK",71921,64168,"FAILURE"
34563,"CAPE CORAL, FL",199818,"2/13/2009","3605","RIVERSIDE BANK OF THE GULF COAST",523673,422708,"FAILURE"
5431,"LOUP CITY, NE",42684,"2/13/2009","3606","SHERMAN COUNTY BANK",135431,90647,"FAILURE"
35399,"SILVERTON, OR",39314,"2/20/2009","3607","SILVER FALLS BANK",134206,115976,"FAILURE"
20078,"GLENWOOD, IL",48231,"2/27/2009","3608","HERITAGE COMMUNITY BANK",235154,225735,"FAILURE"
34820,"HENDERSON, NV",32328,"2/27/2009","3609","SECURITY SAVINGS BANK",238307,174872,"FAILURE"
57558,"COMMERCE, GA",43267,"3/6/2009","3610","FREEDOM BANK OF GEORGIA",172454,159048,"FAILURE"
18896,"COLORADO SPRINGS, CO",12687,"3/20/2009","3611","COLORADO NATIONAL BANK",123508,85150,"FAILURE"
18243,"STOCKBRIDGE, GA",135210,"3/20/2009","3612","FIRSTCITY BANK",285015,259056,"FAILURE"
4754,"PAOLA, KS",134593,"3/20/2009","3613","TEAMBANK, N.A.",669830,532520,"FAILURE"
22238,"ATLANTA, GA",288415,"3/27/2009","3614","OMNI NATIONAL BANK",979585,813205,"FAILURE"
34639,"WILMINGTON, NC",118565,"4/10/2009","3615","CAPE FEAR BANK",492418,402820,"FAILURE"
34881,"GREELEY, CO",913432,"4/10/2009","3616","NEW FRONTIER BANK",1774588,1496347,"FAILURE"
8266,"SUGAR CREEK, MO",44669,"4/17/2009","3617","AMERICAN STERLING BANK",166456,170946,"FAILURE"
33824,"ELKO, NV",20023,"4/17/2009","3618","GREAT BASIN BANK OF NEVADA",238940,220834,"FAILURE"
57943,"KENNESAW, GA",32820,"4/24/2009","3619","AMERICAN SOUTHERN BANK",105950,105940,"FAILURE"
32069,"CALABASAS, CA",8430,"4/24/2009","3620","FIRST BANK OF BEVERLY HILLS",1260354,866492,"FAILURE"
34396,"KETCHUM, ID",109230,"4/24/2009","3621","FIRST BANK OF IDAHO, FSB",490656,370580,"FAILURE"
34369,"FARMINGTON HILLS, MI",48551,"4/24/2009","3622","MICHIGAN HERITAGE BANK",167710,149065,"FAILURE"
35461,"LAYTON, UT",114332,"5/1/2009","3623","AMERICA WEST BANK",281564,286040,"FAILURE"
57563,"RIDGEWOOD, NJ",18187,"5/1/2009","3624","CITIZENS COMMUNITY BANK",40657,40664,"FAILURE"
26535,"ATLANTA, GA",639419,"5/1/2009","3625","SILVERTON BANK, NATIONAL ASSOCIATION",4157246,3314928,"FAILURE"
34843,"BREMERTON, WA",81050,"5/8/2009","3626","WESTSOUND BANK",334608,304464,"FAILURE"
32247,"CORAL GABLES, FL",5228684,"5/21/2009","3627","BANKUNITED, FSB",13111463,8775985,"FAILURE"
5757,"MACOMB, IL",30402,"5/22/2009","3628","CITIZENS NATIONAL BANK",438560,393635,"FAILURE"
35175,"CHAMPAIGN, IL",92681,"5/22/2009","3629","STRATEGIC CAPITAL BANK",546576,479384,"FAILURE"
17309,"LINCOLNWOOD, IL",70928,"6/5/2009","3630","BANK OF LINCOLNWOOD",212718,209285,"FAILURE"
27837,"WILMINGTON, NC",287345,"6/19/2009","3631","COOPERATIVE BANK",966778,768479,"FAILURE"
4614,"ANTHONY, KS",33230,"6/19/2009","3632","FIRST NATIONAL BANK OF ANTHONY",156954,142551,"FAILURE"
35251,"FAYETTEVILLE, GA",136636,"6/19/2009","3633","SOUTHERN COMMUNITY BANK",371695,297962,"FAILURE"
57436,"VILLA RICA, GA",71712,"6/26/2009","3634","COMMUNITY BANK OF WEST GEORGIA",201222,189398,"FAILURE"
9744,"PINE CITY, MN",24010,"6/26/2009","3635","HORIZON BANK",84763,69254,"FAILURE"
57893,"IRVINE, CA",32168,"6/26/2009","3636","METROPACIFIC BANK",75316,70078,"FAILURE"
57332,"LOS ANGELES, CA",45309,"6/26/2009","3637","MIRAE BANK",480619,409951,"FAILURE"
35285,"NEWNAN, GA",80745,"6/26/2009","3638","NEIGHBORHOOD COMMUNITY BANK",212616,190070,"FAILURE"
18390,"WORTH, IL",129512,"7/2/2009","3639","FOUNDERS BANK",889172,832160,"FAILURE"
57667,"DALLAS, TX",52700,"7/2/2009","3640","MILLENNIUM STATE BANK OF TEXAS",118601,115478,"FAILURE"
15302,"OREGON, IL",18558,"7/2/2009","3641","ROCK RIVER BANK",74808,74896,"FAILURE"
9262,"ELIZABETH, IL",9832,"7/2/2009","3642","THE ELIZABETH STATE BANK",55027,48131,"FAILURE"
3644,"DANVILLE, IL",24202,"7/2/2009","3643","THE FIRST NATIONAL BANK OF DANVILLE",148218,140185,"FAILURE"
11710,"WINCHESTER, IL",8030,"7/2/2009","3644","THE FIRST STATE BANK OF WINCHESTER",30073,30806,"FAILURE"
12093,"CLINTON, IL",14315,"7/2/2009","3645","THE JOHN WARNER BANK",69609,65179,"FAILURE"
22754,"THERMOPOLIS, WY",32543,"7/10/2009","3646","BANK OF WYOMING",70188,66598,"FAILURE"
34103,"SIOUX FALLS, SD",110201,"7/17/2009","3647","BANKFIRST",210844,232203,"FAILURE"
34594,"WINDER, GA",37998,"7/17/2009","3648","FIRST PIEDMONT BANK",114113,108499,"FAILURE"
34341,"TEMECULA, CA",227400,"7/17/2009","3649","TEMECULA VALLEY BANK",1396622,1276287,"FAILURE"
23556,"RANCHO CUCAMONGA, CA",278591,"7/17/2009","3650","VINEYARD BANK, NATIONAL ASSOCIATION",1638378,1526186,"FAILURE"
27367,"MACON, GA",414269,"7/24/2009","3651","SECURITY BANK OF BIBB COUNTY",943744,831437,"FAILURE"
57346,"SUWANNEE, GA",193409,"7/24/2009","3652","SECURITY BANK OF GWINNETT COUNTY",259182,256578,"FAILURE"
27048,"PERRY, GA",50980,"7/24/2009","3653","SECURITY BANK OF HOUSTON COUNTY",371624,313155,"FAILURE"
8486,"GRAY, GA",98201,"7/24/2009","3654","SECURITY BANK OF JONES COUNTY",432712,375238,"FAILURE"
57430,"ALPHARETTA, GA",49000,"7/24/2009","3655","SECURITY BANK OF NORTH FULTON",190564,179523,"FAILURE"
57105,"WOODSTOCK, GA",102031,"7/24/2009","3656","SECURITY BANK OF NORTH METRO",184184,182413,"FAILURE"
58065,"WILLIAMSVILLE, NY",7875,"7/24/2009","3657","WATERFORD VILLAGE BANK",55707,56145,"FAILURE"
34270,"ELIZABTH, NJ",20048,"7/31/2009","3658","FIRST BANKAMERICANO",163372,155463,"FAILURE"
9873,"ALTUS, OK",25969,"7/31/2009","3659","FIRST STATE BANK OF ALTUS",90867,98161,"FAILURE"
57604,"JUPITER, FL",36473,"7/31/2009","3660","INTEGRITY BANK",105298,98511,"FAILURE"
18659,"HARVEY, IL",793841,"7/31/2009","3661","MUTUAL BANK",1595657,1546525,"FAILURE"
32288,"WEST CHESTER, OH",61523,"7/31/2009","3662","PEOPLES COMMUNITY BANK",606153,538787,"FAILURE"
23268,"PRINEVILLE, OR",73567,"8/7/2009","3663","COMMUNITY FIRST BANK",199508,180691,"FAILURE"
27183,"VENICE, FL",25369,"8/7/2009","3664","COMMUNITY NATIONAL BANK OF SARASOTA COUNTY",92528,92352,"FAILURE"
27364,"SARASOTA, FL",119466,"8/7/2009","3665","FIRST STATE BANK",447667,394701,"FAILURE"
9609,"MONTGOMERY, AL",2368291,"8/14/2009","3666","COLONIAL BANK",25455112,20072099,"FAILURE"
57645,"PHOENIX, AZ",26760,"8/14/2009","3667","COMMUNITY BANK OF ARIZONA",158517,143834,"FAILURE"
34043,"LAS VEGAS, NV",557962,"8/14/2009","3668","COMMUNITY BANK OF NEVADA",1397798,1372744,"FAILURE"
31559,"PITTSBURGH, PA",8352,"8/14/2009","3669","DWELLING HOUSE SAVINGS AND LOAN",12947,12984,"FAILURE"
34485,"GILBERT, AZ",51989,"8/14/2009","3670","UNION BANK, NATIONAL ASSOCIATION",119529,110362,"FAILURE"
22130,"BIRMINGHAM, AL",126332,"8/21/2009","3671","CAPITALSOUTH BANK",586586,539422,"FAILURE"
34682,"ATLANTA, GA",49948,"8/21/2009","3672","EBANK",144688,131510,"FAILURE"
57702,"NEWNAN, GA",66684,"8/21/2009","3673","FIRST COWETA",163755,154903,"FAILURE"
32618,"AUSTIN, TX",0,"8/21/2009","3674","GUARANTY BANK",13464352,11984112,"FAILURE"
27197,"VENTURA, CA",234069,"8/28/2009","3675","AFFINITY BANK",1211431,905593,"FAILURE"
28312,"BALTIMORE, MD",46897,"8/28/2009","3676","BRADFORD BANK",451888,382159,"FAILURE"
1909,"FOREST LAKE, MN",89930,"8/28/2009","3677","MAINSTREET BANK",458533,432818,"FAILURE"
25231,"KANSAS CITY, MO",7548,"9/4/2009","3678","FIRST BANK OF KANSAS CITY",15723,14479,"FAILURE"
34875,"FLAGSTAFF, AZ",49833,"9/4/2009","3679","FIRST STATE BANK",107235,95734,"FAILURE"
20203,"OAK FOREST, IL",56911,"9/4/2009","3680","INBANK",209848,209211,"FAILURE"
35030,"ROLLING MEADOWS, IL",0,"9/4/2009","3681","PLATINUM COMMUNITY BANK",147961,110186,"FAILURE"
27732,"SIOUX CITY, IA",101576,"9/4/2009","3682","VANTUS BANK",503643,394369,"FAILURE"
57736,"WOODBURY, MN",24597,"9/11/2009","3683","BRICKWELL COMMUNITY BANK",72576,64981,"FAILURE"
13693,"CHICAGO, IL",0,"9/11/2009","3684","CORUS BANK, N.A.",7003321,7060693,"FAILURE"
22868,"LACEY, WA",201128,"9/11/2009","3685","VENTURE BANK",968385,917729,"FAILURE"
10100,"COLUMBUS, IN",755962,"9/18/2009","3686","IRWIN UNION BANK AND TRUST COMPANY",2839747,2254025,"FAILURE"
57068,"LOUISVILLE, KY",114006,"9/18/2009","3687","IRWIN UNION BANK, FSB",518151,462611,"FAILURE"
57151,"ATLANTA, GA",960820,"9/25/2009","3688","GEORGIAN BANK",2230230,1960123,"FAILURE"
11416,"SPRING GROVE, MN",18876,"10/2/2009","3689","JENNINGS STATE BANK",52347,50801,"FAILURE"
57263,"PUEBLO, CO",8323,"10/2/2009","3690","SOUTHERN COLORADO NATIONAL BANK",37142,29568,"FAILURE"
34824,"WARREN, MI",217487,"10/2/2009","3691","WARREN BANK",504816,467767,"FAILURE"
23266,"BAKERSFIELD, CA",79080,"10/16/2009","3692","SAN JOAQUIN BANK",766359,626359,"FAILURE"
57794,"LAWRENCEVILLE, GA",44018,"10/23/2009","3693","AMERICAN UNITED BANK",110094,102386,"FAILURE"
18321,"RACINE, WI",99463,"10/23/2009","3694","BANK OF ELMWOOD",327444,272782,"FAILURE"
35038,"WESTMONT, IL",85319,"10/23/2009","3695","FIRST DUPAGE BANK",262093,253992,"FAILURE"
35044,"BRADENTON, FL",62112,"10/23/2009","3696","FLAGSHIP NATIONAL BANK",177563,170118,"FAILURE"
58336,"NAPLES, FL",42976,"10/23/2009","3697","HILLCREST BANK FLORIDA",82774,83254,"FAILURE"
57959,"NAPLES, FL",31809,"10/23/2009","3698","PARTNERS BANK",65498,64798,"FAILURE"
57525,"OSTEGO, MN",23476,"10/23/2009","3699","RIVERVIEW COMMUNITY BANK",99057,75012,"FAILURE"
32218,"PHOENIX, AZ",11741,"10/30/2009","3700","BANK USA, NA",213205,170685,"FAILURE"
34659,"LOS ANGELES, CA",182284,"10/30/2009","3701","CALIFORNIA NATIONAL BANK",7781100,6145207,"FAILURE"
25222,"TEAGUE, TX",5846,"10/30/2009","3702","CITIZENS NATIONAL BANK",118236,97590,"FAILURE"
35291,"LEMONT, IL",25945,"10/30/2009","3703","COMMUNITY BANK OF LEMONT",81843,80688,"FAILURE"
33782,"MADISONVILLE, TX",0,"10/30/2009","3704","MADISONVILLE STATE BANK",256330,224653,"FAILURE"
18776,"HOUSTON, TX",12000,"10/30/2009","3705","NORTH HOUSTON BANK",325474,307166,"FAILURE"
30006,"SAN FRANCISCO, CA",58691,"10/30/2009","3706","PACIFIC NATIONAL BANK",2319263,1757986,"FAILURE"
11677,"CHICAGO, IL",3048,"10/30/2009","3707","PARK NATIONAL BANK",4680881,3716626,"FAILURE"
23594,"SAN DIEGO, CA",36479,"10/30/2009","3708","SAN DIEGO NATIONAL BANK",3594544,2891576,"FAILURE"
19450,"ST LOUIS, MO",11648,"11/6/2009","3709","GATEWAY BANK OF ST LOUIS",26882,27534,"FAILURE"
30329,"DETROIT, MI",8612,"11/6/2009","3710","HOME FEDERAL SAVINGS BANK",12994,12730,"FAILURE"
35074,"OAKDALE, MN",31685,"11/6/2009","3711","PROSPERAN BANK",197442,182794,"FAILURE"
32469,"SAN FRANCISCO, CA",572641,"11/6/2009","3712","UNITED COMMERCIAL BANK",10895336,7653666,"FAILURE"
22286,"SPARTA, GA",60895,"11/6/2009","3713","UNITED SECURITY BANK",153639,149616,"FAILURE"
32267,"SARASOTA, FL",306877,"11/13/2009","3714","CENTURY BANK, A FEDERAL SAVINGS BANK",755923,659742,"FAILURE"
22427,"NAPLES, FL",713129,"11/13/2009","3715","ORION BANK",2612515,2169446,"FAILURE"
57914,"SAN CLEMENTE, CA",33470,"11/13/2009","3716","PACIFIC COAST NATIONAL BANK",131418,128867,"FAILURE"
58016,"FORT MYERS, FL",32236,"11/20/2009","3717","COMMERCE BANK OF SOUTHWEST FLORIDA",70997,72821,"FAILURE"
29776,"CLEVELAND, OH",1686715,"12/4/2009","3718","AMTRUST BANK",11438990,8558609,"FAILURE"
10440,"AURORA, IL",79321,"12/4/2009","3719","BENCHMARK BANK",173062,182760,"FAILURE"
26290,"NORCROSS, GA",34282,"12/4/2009","3720","FIRST SECURITY NATIONAL BANK",127455,121645,"FAILURE"
32583,"RESTON, VA",26610,"12/4/2009","3721","GREATER ATLANTIC BANK",203262,179248,"FAILURE"
34663,"ATLANTA, GA",310552,"12/4/2009","3722","THE BUCKHEAD COMMUNITY BANK",856236,813668,"FAILURE"
12080,"REIDSVILLE, GA",14705,"12/4/2009","3723","THE TATNALL BANK",49612,47100,"FAILURE"
22846,"MIAMI, FL",77977,"12/11/2009","3724","REPUBLIC FEDERAL BANK, N.A.",433011,352695,"FAILURE"
4731,"OVERLAND PARK, KS",93393,"12/11/2009","3725","SOLUTIONSBANK",511103,421271,"FAILURE"
58399,"MESA, AZ",15047,"12/11/2009","3726","VALLEY CAPITAL BANK, N.A.",40270,41312,"FAILURE"
1006,"NEW BALTIMORE, MI",68171,"12/18/2009","3727","CITIZENS STATE BANK",168551,157149,"FAILURE"
28536,"SANTA MONICA, CA",0,"12/18/2009","3728","FIRST FEDERAL BANK OF CALIFORNIA,  A FEDERAL SAVINGS BANK",6143903,4538607,"FAILURE"
26348,"LA JOLLA, CA",266567,"12/18/2009","3729","IMPERIAL CAPITAL BANK",4046888,2822300,"FAILURE"
26820,"SPRINGFIELD, IL",0,"12/18/2009","3730","INDEPENDENT BANKERS' BANK",585508,511473,"FAILURE"
32276,"IRONDALE, AL",311641,"12/18/2009","3731","NEW SOUTH FEDERAL SAVINGS BANK",1464127,1163916,"FAILURE"
32167,"PANAMA CITY, FL",597058,"12/18/2009","3732","PEOPLES FIRST COMMUNITY BANK",1795420,1684443,"FAILURE"
58315,"ATLANTA, GA",98837,"12/18/2009","3733","ROCKBRIDGE COMMERCIAL BANK",294024,291707,"FAILURE"
22977,"BELLINGHAM, WA",205488,"1/8/2010","3734","HORIZON BANK",1188956,1049063,"FAILURE"
1252,"KAYSVILLE, UT",106769,"1/15/2010","3735","BARNES BANKING COMPANY",709171,697109,"FAILURE"
17522,"ST. STEPHEN, MN",7707,"1/15/2010","3736","ST. STEPHEN STATE BANK",22895,23912,"FAILURE"
34705,"ANTIOCH, IL",23289,"1/15/2010","3737","TOWN COMMUNITY BANK AND TRUST",70758,68323,"FAILURE"
8265,"LEETON, MO",7092,"1/22/2010","3738","BANK OF LEETON",20128,20335,"FAILURE"
32498,"SANTA FE, NM",127197,"1/22/2010","3739","CHARTER BANK",1201922,859933,"FAILURE"
22469,"THE DALLES, OR",54899,"1/22/2010","3740","COLUMBIA RIVER BANK",955112,908132,"FAILURE"
20501,"SEATTLE, WA",43422,"1/22/2010","3741","EVERGREEN BANK",395980,340378,"FAILURE"
57147,"MIAMI, FL",84454,"1/22/2010","3742","PREMIER AMERICAN BANK",299225,285554,"FAILURE"
16730,"BAINBRIDGE ISLAND, WA",28352,"1/29/2010","3743","AMERICAN MARINE BANK",329246,287443,"FAILURE"
5702,"CORNELIA, GA",477153,"1/29/2010","3744","COMMUNITY BANK & TRUST",1181717,1067957,"FAILURE"
16480,"CARROLLTON, GA",203881,"1/29/2010","3745","FIRST NATIONAL BANK OF GEORGIA",840633,780196,"FAILURE"
23011,"LOS ANGELES, CA",224134,"1/29/2010","3746","FIRST REGIONAL BANK",2082684,1664450,"FAILURE"
5672,"IMMOKALEE, FL",308984,"1/29/2010","3747","FLORIDA COMMUNITY BANK",835701,776556,"FAILURE"
16133,"HALLOCK, MN",1063,"1/29/2010","3748","MARSHALL BANK, NATIONAL ASSOCIATION",58566,55662,"FAILURE"
15448,"HANCOCK, MN",4521,"2/5/2010","3749","1ST AMERICAN STATE BANK OF MINNESOTA",18155,16327,"FAILURE"
29952,"ORLAND PARK, IL",118852,"2/19/2010","3750","GEORGE WASHINGTON SAVINGS BANK",413673,395310,"FAILURE"
32423,"LA JOLLA, CA",560147,"2/19/2010","3751","LA JOLLA BANK, FSB",3646071,2799362,"FAILURE"
57586,"MARCO ISLAND, FL",25614,"2/19/2010","3752","MARCO COMMUNITY BANK",119578,117097,"FAILURE"
3287,"LA COSTE, TX",5709,"2/19/2010","3753","THE LA COSTE NATIONAL BANK",53936,49275,"FAILURE"
58352,"CARSON CITY, NV",14451,"2/26/2010","3754","CARSON RIVER COMMUNITY BANK",51095,50024,"FAILURE"
38129,"TACOMA, WA",2752,"2/26/2010","3755","RAINIER PACIFIC BANK",717806,446192,"FAILURE"
9268,"NORMAL, IL",18737,"3/5/2010","3756","BANK OF ILLINOIS",211711,198487,"FAILURE"
34430,"OGDEN, UT",70515,"3/5/2010","3757","CENTENNIAL BANK",212839,205076,"FAILURE"
27126,"BOCA RATON, FL",122301,"3/5/2010","3758","SUN AMERICAN BANK",535724,443481,"FAILURE"
34976,"GERMANTOWN, MD",11322,"3/5/2010","3759","WATERFIELD BANK",155566,156188,"FAILURE"
58071,"NEW YORK, NY",18407,"3/11/2010","3760","LIBERTYPOINTE BANK",216500,209477,"FAILURE"
58182,"ORLANDO, FL",76501,"3/12/2010","3761","OLD SOUTHERN BANK",336390,319746,"FAILURE"
29561,"COVINGTON, LA",26124,"3/12/2010","3762","STATEWIDE BANK",243215,207821,"FAILURE"
27096,"NEW YORK, NY",76368,"3/12/2010","3763","THE PARK AVENUE BANK",520146,494505,"FAILURE"
33535,"DRAPER, UT",521525,"3/19/2010","3764","ADVANTA BANK CORP.",1525931,1519471,"FAILURE"
18806,"PARMA, OH",14960,"3/19/2010","3765","AMERICAN NATIONAL BANK",70318,66752,"FAILURE"
33989,"ELLIJAY, GA",456455,"3/19/2010","3766","APPALACHIAN COMMUNITY BANK",1010075,917575,"FAILURE"
10054,"HIAWASSEE, GA",107263,"3/19/2010","3767","BANK OF HIAWASSEE",377779,339597,"FAILURE"
58104,"DULUTH, GA",37707,"3/19/2010","3768","CENTURY SECURITY BANK",96535,93967,"FAILURE"
24957,"FORT DEPOSIT, AL",11725,"3/19/2010","3769","FIRST LOWNDES BANK",137175,131117,"FAILURE"
8221,"AURORA, MN",7026,"3/19/2010","3770","STATE BANK OF AURORA",28159,27801,"FAILURE"
57060,"PHOENIX, AZ",108862,"3/26/2010","3771","DESERT HILLS BANK",496552,426473,"FAILURE"
34684,"KEY WEST, FL",16210,"3/26/2010","3772","KEY WEST BANK",88031,67662,"FAILURE"
57399,"CARROLLTON, GA",164026,"3/26/2010","3773","MCINTOSH COMMERCIAL BANK",363405,343339,"FAILURE"
34678,"CARTERSVILLE, GA",73589,"3/26/2010","3774","UNITY NATIONAL BANK",300590,264286,"FAILURE"
34242,"MYRTLE BEACH, SC",164585,"4/9/2010","3775","BEACH FIRST NATIONAL BANK",590024,521138,"FAILURE"
57724,"CLERMONT, FL",16404,"4/16/2010","3776","AMERICANFIRST BANK",104034,100070,"FAILURE"
26619,"LOWELL, MA",18261,"4/16/2010","3777","BUTLER BANK",245534,227420,"FAILURE"
21521,"LYNNWOOD, WA",154993,"4/16/2010","3778","CITY BANK",981913,919606,"FAILURE"
28886,"PALATKA, FL",11969,"4/16/2010","3779","FIRST FEDERAL BANK OF NORTH FLORIDA",440122,369617,"FAILURE"
23876,"OAKLAND, CA",22715,"4/16/2010","3780","INNOVATIVE BANK",266816,223164,"FAILURE"
34878,"STERLING HEIGHTS, MI",20977,"4/16/2010","3781","LAKESIDE COMMUNITY BANK",49173,48622,"FAILURE"
24067,"FORT PIERCE, FL",0,"4/16/2010","3782","RIVERSIDE NATIONAL BANK OF FLORIDA",3393818,2724475,"FAILURE"
33493,"SAN RAFAEL, CA",0,"4/16/2010","3783","TAMALPAIS BANK",611504,457206,"FAILURE"
3735,"ROCKFORD, IL",11125,"4/23/2010","3784","AMCORE BANK, NATIONAL ASSOCIATION",3066240,2743485,"FAILURE"
22853,"CHICAGO, IL",377438,"4/23/2010","3785","BROADWAY BANK",1059194,1023421,"FAILURE"
34658,"CHICAGO, IL",41327,"4/23/2010","3786","CITIZENS BANK & TRUST COMPANY OF CHICAGO",73490,72772,"FAILURE"
30600,"CHICAGO, IL",37917,"4/23/2010","3787","LINCOLN PARK SAVINGS BANK",194618,162627,"FAILURE"
34821,"CHICAGO, IL",132056,"4/23/2010","3788","NEW CENTURY BANK",447239,438999,"FAILURE"
10888,"PEOTONE, IL",45596,"4/23/2010","3789","PEOTONE BANK AND TRUST COMPANY",130165,124676,"FAILURE"
58429,"NAPERVILLE, IL",189658,"4/23/2010","3790","WHEATLAND BANK",441694,448917,"FAILURE"
17792,"BUTLER, MO",8620,"4/30/2010","3791","BC NATIONAL BANKS",52204,43635,"FAILURE"
30005,"PORT HURON, MI",340615,"4/30/2010","3792","CF BANCORP",1599122,1418445,"FAILURE"
58362,"CREVE COEUR, MO",57091,"4/30/2010","3793","CHAMPION BANK",195510,162816,"FAILURE"
27150,"SAN JUAN, PR",539124,"4/30/2010","3794","EUROBANK",2453138,1861350,"FAILURE"
22710,"EVERETT, WA",453920,"4/30/2010","3795","FRONTIER BANK",3250734,2846886,"FAILURE"
32185,"HATO REY, PR",978999,"4/30/2010","3796","R-G PREMIER BANK OF PUERTO RICO",5681177,4220108,"FAILURE"
31027,"MAYAGUEZ, PR",2174167,"4/30/2010","3797","WESTERNBANK PUERTO RICO",10797345,8420357,"FAILURE"
35517,"SAN DIEGO, CA",6342,"5/7/2010","3798","1st PACIFIC BANK OF CALIFORNIA",335798,291173,"FAILURE"
16476,"CHAMPLIN, MN",7916,"5/7/2010","3799","ACCESS BANK",31996,31969,"FAILURE"
14246,"BONIFAY, FL",65887,"5/7/2010","3800","THE BANK OF BONIFAY",242871,230190,"FAILURE"
57697,"MESA, AZ",44322,"5/7/2010","3801","TOWNE BANK OF ARIZONA",120246,113243,"FAILURE"
18117,"ELMWOOD PARK, IL",0,"5/14/2010","3802","MIDWEST BANK AND TRUST COMPANY",3172915,2420738,"FAILURE"
35586,"PLYMOUTH, MI",23558,"5/14/2010","3803","NEW LIBERTY BANK",111239,101884,"FAILURE"
35114,"SAINT MARYS, GA",36321,"5/14/2010","3804","SATILLA COMMUNITY BANK",135688,134005,"FAILURE"
34255,"SPRINGFIELD, MO",25580,"5/14/2010","3805","SOUTHWEST COMMUNITY BANK",100659,102463,"FAILURE"
57735,"ST. PAUL, MN",8410,"5/21/2010","3806","PINEHURST BANK",61215,58288,"FAILURE"
57360,"FORT LAUDERDALE, FL",60470,"5/28/2010","3807","BANK OF FLORIDA - SOUTHEAST",595318,531752,"FAILURE"
35106,"NAPLES, FL",87638,"5/28/2010","3808","BANK OF FLORIDA - SOUTHWEST",640894,559897,"FAILURE"
57814,"TAMPA BAY, FL",30582,"5/28/2010","3809","BANK OF FLORIDA - TAMPA BAY",240513,224024,"FAILURE"
57315,"GRANITE BAY, CA",13175,"5/28/2010","3810","GRANITE COMMUNITY BANK, NATIONAL ASSOCIATION",102913,94252,"FAILURE"
34785,"LAS VEGAS, NV",115960,"5/28/2010","3811","SUN WEST BANK",360662,353943,"FAILURE"
31813,"ARCOLA, IL",11534,"6/4/2010","3812","ARCOLA HOMESTEAD SAVINGS BANK",17028,18092,"FAILURE"
15814,"ROSEDALE, MS",18085,"6/4/2010","3813","FIRST NATIONAL BANK",60449,63483,"FAILURE"
29341,"LINCOLN, NE",0,"6/4/2010","3814","TIERONE BANK",2824737,2185817,"FAILURE"
32955,"SEATTLE, WA",95151,"6/11/2010","3815","WASHINGTON FIRST INTERNATIONAL BANK",520887,441362,"FAILURE"
57110,"RENO, NV",70039,"6/18/2010","3816","NEVADA SECURITY BANK",492491,479759,"FAILURE"
34152,"SAVANNAH, GA",78167,"6/25/2010","3817","FIRST NATIONAL BANK",252520,231857,"FAILURE"
35279,"ALBUQUERQUE, NM",28392,"6/25/2010","3818","HIGH DESERT STATE BANK",80343,80985,"FAILURE"
26563,"ENGLEWOOD, FL",184045,"6/25/2010","3819","PENINSULA BANK",630179,580140,"FAILURE"
35462,"BALTIMORE, MD",21144,"7/9/2010","3820","BAY NATIONAL BANK",217743,212612,"FAILURE"
11636,"BLACKWELL, OK",65822,"7/9/2010","3821","HOME NATIONAL BANK",585445,514038,"FAILURE"
32456,"BALTIMORE, MD",3694,"7/9/2010","3822","IDEAL FEDERAL SAVINGS BANK",6177,5803,"FAILURE"
58072,"PORT CHESTER, NY",63537,"7/9/2010","3823","USA BANK",190678,188644,"FAILURE"
35383,"SPARTANBURG, SC",68274,"7/16/2010","3824","FIRST NATIONAL BANK OF THE SOUTH",619374,550891,"FAILURE"
28136,"HASTINGS, MI",12789,"7/16/2010","3825","MAINSTREET SAVINGS BANK, FSB",96584,63291,"FAILURE"
25172,"MIAMI, FL",64179,"7/16/2010","3826","METRO BANK OF DADE COUNTY",399441,375522,"FAILURE"
28864,"CLEWISTON, FL",25533,"7/16/2010","3827","OLDE CYPRESS COMMUNITY BANK",161355,157997,"FAILURE"
32280,"AVENTURA, FL",28658,"7/16/2010","3828","TURNBERRY BANK",240251,179169,"FAILURE"
32571,"BLUFFTON, SC",107349,"7/16/2010","3829","WOODLANDS BANK",382803,364808,"FAILURE"
34486,"NEW PRAGUE, MN",18495,"7/23/2010","3830","COMMUNITY SECURITY BANK",100649,95100,"FAILURE"
27559,"JASPER, GA",303698,"7/23/2010","3831","CRESCENT BANK AND TRUST COMPANY",970235,932809,"FAILURE"
23181,"CAVE JUNCTION, OR",28068,"7/23/2010","3832","HOME VALLEY BANK",250488,227935,"FAILURE"
35434,"LAS VEGAS, NV",86297,"7/23/2010","3833","SOUTHWESTUSA BANK",203690,183985,"FAILURE"
32536,"LANTANA, FL",41792,"7/23/2010","3834","STERLING BANK",354966,329541,"FAILURE"
10506,"SYLVAN GROVE, KS",6651,"7/23/2010","3835","THUNDER BANK",28248,27048,"FAILURE"
17837,"KINGSTREE, SC",2425,"7/23/2010","3836","WILLIAMSBURG FIRST NATIONAL BANK",130411,126993,"FAILURE"
57669,"PORT SAINT JOE, FL",12479,"7/30/2010","3837","BAYSIDE SAVINGS BANK",64344,52720,"FAILURE"
9619,"PANAMA CITY BEACH, FL",116866,"7/30/2010","3838","COASTAL COMMUNITY BANK",377469,370016,"FAILURE"
31964,"EUGENE, OR",50954,"7/30/2010","3839","LIBERTYBANK",714574,692670,"FAILURE"
57658,"ACWORTH, GA",33627,"7/30/2010","3840","NORTHWEST BANK & TRUST",160763,155531,"FAILURE"
22643,"LONGVIEW, WA",31336,"7/30/2010","3841","THE COWLITZ BANK",489019,474742,"FAILURE"
34231,"CHICAGO, IL",67728,"8/6/2010","3842","RAVENSWOOD BANK",264628,269448,"FAILURE"
17599,"PALOS HEIGHTS, IL",66962,"8/13/2010","3843","PALOS BANK AND TRUST COMPANY",493391,467784,"FAILURE"
33219,"CHICO, CA",1663,"8/20/2010","3844","BUTTE COMMUNITY BANK",498751,471256,"FAILURE"
25266,"BARTOW, FL",9170,"8/20/2010","3845","COMMUNITY NATIONAL BANK AT BARTOW",67918,63708,"FAILURE"
31623,"MARTINSVILLE, VA",4746,"8/20/2010","3846","IMPERIAL SAVINGS AND LOAN ASSOCIATION",9448,10090,"FAILURE"
27344,"OCALA, FL",11982,"8/20/2010","3847","INDEPENDENT NATIONAL BANK",156218,141877,"FAILURE"
32165,"SOLVANG, CA",3434,"8/20/2010","3848","LOS PADRES BANK",866459,770899,"FAILURE"
27090,"STOCKTON, CA",34038,"8/20/2010","3849","PACIFIC STATE BANK",312077,278832,"FAILURE"
15640,"CHICAGO, IL",525962,"8/20/2010","3850","SHOREBANK",2166431,1547403,"FAILURE"
27259,"SONOMA, CA",10285,"8/20/2010","3851","SONOMA VALLEY BANK",337113,255501,"FAILURE"
35061,"BRADENTON, FL",61295,"9/10/2010","3852","HORIZON BANK",187819,164594,"FAILURE"
27808,"MILFORD, OH",17928,"9/17/2010","3853","BRAMBLE SAVINGS BANK",47523,41551,"FAILURE"
57448,"DOUGLASVILLE, GA",101039,"9/17/2010","3854","FIRST COMMERCE COMMUNITY BANK",248151,242831,"FAILURE"
57107,"CHERRY HILL, NJ",18856,"9/17/2010","3855","ISN BANK",81564,79652,"FAILURE"
28612,"WEST ALLIS, WI",88384,"9/17/2010","3856","MARITIME SAVINGS BANK",350488,248134,"FAILURE"
58197,"ELLIJAY, GA",79709,"9/17/2010","3857","THE BANK OF ELLIJAY",168820,160718,"FAILURE"
182,"WINDER, GA",101852,"9/17/2010","3858","THE PEOPLES BANK",447185,398181,"FAILURE"
58308,"PONTE VEDRA BEACH, FL",34827,"9/24/2010","3859","HAVEN TRUST BANK FLORIDA",148575,133561,"FAILURE"
35053,"ARLINGTON, WA",70800,"9/24/2010","3860","NORTH COUNTY BANK",288776,276081,"FAILURE"
35250,"SHORELINE, WA",23478,"10/1/2010","3861","SHORELINE BANK",92980,90644,"FAILURE"
21777,"CRAWFORDVILLE, FL",119933,"10/1/2010","3862","WAKULLA BANK",402205,367228,"FAILURE"
34016,"JEFFERSON CITY, MO",308543,"10/15/2010","3863","PREMIER BANK",989382,869367,"FAILURE"
30898,"OLATHE, KS",53100,"10/15/2010","3864","SECURITY SAVINGS BANK, F.S.B.",453349,347080,"FAILURE"
58205,"CHESTERFIELD, MO",22436,"10/15/2010","3865","WESTBRIDGE BANK AND TRUST COMPANY",87782,70131,"FAILURE"
32582,"SCOTTSDALE, AZ",26776,"10/22/2010","3866","FIRST ARIZONA SAVINGS, A FSB",255920,190615,"FAILURE"
27573,"JACKSONVILLE, FL",14277,"10/22/2010","3867","FIRST BANK OF JACKSONVILLE",73922,72198,"FAILURE"
16089,"MAYWOOD, IL",44303,"10/22/2010","3868","FIRST SUBURBAN NATIONAL BANK",143451,135475,"FAILURE"
22173,"OVERLAND PARK, KS",275262,"10/22/2010","3869","HILLCREST BANK",1583611,1488785,"FAILURE"
32251,"TAMPA, FL",34562,"10/22/2010","3870","PROGRESS BANK OF FLORIDA",94823,86861,"FAILURE"
2119,"BARNESVILLE, GA",46897,"10/22/2010","3871","THE FIRST NATIONAL BANK OF BARNESVILLE",126622,122880,"FAILURE"
33904,"GORDON, GA",10354,"10/22/2010","3872","THE GORDON BANK",29259,26867,"FAILURE"
57885,"WESTMINSTER, CA",14264,"11/5/2010","3873","FIRST VIETNAMESE AMERICAN BANK",48000,47012,"FAILURE"
31263,"RANDALLSTOWN, MD",136316,"11/5/2010","3874","K BANK",538258,500056,"FAILURE"
34411,"TACOMA, WA",26754,"11/5/2010","3875","PIERCE COMMERCIAL BANK",221082,193473,"FAILURE"
58087,"WOODLAND HILLS, CA",16943,"11/5/2010","3876","WESTERN COMMERCIAL BANK",98635,101127,"FAILURE"
35463,"SCOTTSDALE, AZ",52561,"11/12/2010","3877","COPPER STAR BANK",203955,190182,"FAILURE"
14580,"VIDALIA, GA",125908,"11/12/2010","3878","DARBY BANK & TRUST COMPANY",654714,587626,"FAILURE"
57831,"TIFTON, GA",21383,"11/12/2010","3879","TIFTON BANKING COMPANY",143729,141573,"FAILURE"
35078,"BALA CYNWYD, PA",12652,"11/19/2010","3880","ALLEGIANCE BANK OF NORTH AMERICA",106595,91996,"FAILURE"
5287,"BURLINGTON, WI",86071,"11/19/2010","3881","FIRST BANKING CENTER",750724,664752,"FAILURE"
20340,"CARRABELLE, FL",44443,"11/19/2010","3882","GULF STATE COMMUNITY BANK",112144,112193,"FAILURE"
35561,"SOUTHAMPTON, PA",22495,"12/10/2010","3883","EARTHSTAR BANK",112643,104505,"FAILURE"
34673,"FARMINGTON HILLS, MI",68586,"12/10/2010","3884","PARAMOUNT BANK",252744,213550,"FAILURE"
58495,"MCCAYSVILLE, GA",28452,"12/17/2010","3885","APPALACIAN COMMUNITY BANK, F.S.B.",68201,76360,"FAILURE"
34578,"DAWSONVILLE, GA",83075,"12/17/2010","3886","CHESTATEE STATE BANK",244376,240476,"FAILURE"
23306,"LINO LAKES, MN",5827,"12/17/2010","3887","COMMUNITY NATIONAL BANK",31569,28844,"FAILURE"
58052,"BATESVILLE, AR",24771,"12/17/2010","3888","FIRST SOUTHERN BANK",191764,155803,"FAILURE"
19040,"CORAL GABLES, FL",28965,"12/17/2010","3889","THE BANK OF MIAMI",448150,374218,"FAILURE"
35065,"ATLANTA, GA",96415,"12/17/2010","3890","UNITED AMERICAS BANK",242339,193803,"FAILURE"
34965,"ORLANDO, FL",88904,"1/7/2011","3891","FIRST COMMERCIAL BANK OF FLORIDA",578638,537223,"FAILURE"
57820,"SCOTTSDALE, AZ",32224,"1/7/2011","3892","LEGACY BANK",136446,119685,"FAILURE"
57440,"BRUNSWICK, GA",84066,"1/14/2011","3893","OGLETHORPE BANK",211149,201369,"FAILURE"
57868,"EASLEY, SC",45189,"1/21/2011","3894","COMMUNITYSOUTH BANK AND TRUST",340986,314250,"FAILURE"
19758,"MCDONOUGH, GA",43538,"1/21/2011","3895","ENTERPRISE BANKING COMPANY",99461,94591,"FAILURE"
34516,"ASHEVILLE, NC",43945,"1/21/2011","3896","THE BANK OF ASHEVILLE",204925,199394,"FAILURE"
31293,"DENVER, CO",133440,"1/21/2011","3897","UNITED WESTERN BANK",2153690,1535194,"FAILURE"
5328,"STOUGHTON, WI",28060,"1/28/2011","3898","EVERGREEN STATE BANK",240949,193694,"FAILURE"
12261,"TAOS, NM",230712,"1/28/2011","3899","FIRST COMMUNITY BANK",2188154,1847851,"FAILURE"
57646,"LOUISVILLE, CO",232851,"1/28/2011","3900","FIRSTIER BANK",764090,718797,"FAILURE"
2303,"CAMARGO, OK",33590,"1/28/2011","3901","THE FIRST STATE BANK",44546,41204,"FAILURE"
57432,"ROSWELL, GA",69323,"2/4/2011","3902","AMERICAN TRUST BANK",238205,222161,"FAILURE"
57948,"CHICAGO, IL",10213,"2/4/2011","3903","COMMUNITY FIRST BANK - CHICAGO",51083,49504,"FAILURE"
35242,"WATKINSVILLE, GA",48161,"2/4/2011","3904","NORTH GEORGIA BANK",153172,139672,"FAILURE"
13272,"CASSVILLE, WI",19454,"2/11/2011","3905","BADGER STATE BANK",83828,78549,"FAILURE"
34692,"PALM SPRINGS, CA",15617,"2/11/2011","3906","CANYON NATIONAL BANK",210859,205285,"FAILURE"
14939,"HAMTRAMCK, MI",103057,"2/11/2011","3907","PEOPLES STATE BANK",390524,389868,"FAILURE"
35478,"PORT ORANGE, FL",32294,"2/11/2011","3908","SUNSHINE STATE COMMUNITY BANK",125531,116715,"FAILURE"
57855,"NAPA, CA",20076,"2/18/2011","3909","CHARTER OAK BANK",120833,105309,"FAILURE"
34601,"SPRINGFIELD, GA",48229,"2/18/2011","3910","CITIZENS BANK OF EFFINGHAM",214275,206490,"FAILURE"
151,"CLARKESVILLE, GA",119370,"2/18/2011","3911","HABERSHAM BANK",387681,339934,"FAILURE"
34783,"SAN LUIS OBISPO, CA",72906,"2/18/2011","3912","SAN LUIS TRUST BANK, FSB",332596,272216,"FAILURE"
34187,"ST. CHARLES, IL",28270,"2/25/2011","3913","VALLEY COMMUNITY BANK",123774,124179,"FAILURE"
34818,"MILWAUKEE, WI",73718,"3/11/2011","3914","LEGACY BANK",190418,183309,"FAILURE"
4077,"DAVIS, OK",29846,"3/11/2011","3915","THE FIRST NATIONAL BANK OF DAVIS",90183,68331,"FAILURE"
34292,"WOOD DALE, IL",44142,"3/25/2011","3916","THE BANK OF COMMERCE",163074,161379,"FAILURE"
35418,"LAS VEGAS, NV",38492,"4/8/2011","3917","NEVADA COMMERCE BANK",135064,128573,"FAILURE"
10086,"WESTERN SPRINGS, IL",38047,"4/8/2011","3918","WESTERN SPRINGS NATIONAL BANK AND TRUST",186677,182441,"FAILURE"
21495,"CARTERSVILLE, GA",83037,"4/15/2011","3919","BARTOW COUNTY BANK",314019,290005,"FAILURE"
14273,"CARTHAGE, MS",37841,"4/15/2011","3920","HERITAGE BANKING GROUP",228328,205035,"FAILURE"
57705,"EAST ELLIJAY, GA",34708,"4/15/2011","3921","NEW HORIZONS BANK",103055,99022,"FAILURE"
19794,"BIRMINGHAM, AL",182002,"4/15/2011","3922","NEXITY BANK",757574,611681,"FAILURE"
24099,"ROSEMOUNT, MN",5398,"4/15/2011","3923","ROSEMOUNT NATIONAL BANK",21454,20980,"FAILURE"
17750,"BIRMINGHAM, AL",281455,"4/15/2011","3924","SUPERIOR BANK",2977290,2736201,"FAILURE"
34234,"MOUNT CLEMENS, MI",98636,"4/29/2011","3925","COMMUNITY CENTRAL BANK",451683,371494,"FAILURE"
57625,"BROOKSVILLE, FL",17194,"4/29/2011","3926","CORTEZ COMMUNITY  BANK",66282,65439,"FAILURE"
58539,"DALLAS, GA",105180,"4/29/2011","3927","FIRST CHOICE COMMUNITY BANK",291196,294769,"FAILURE"
26297,"WINTER PARK, FL",42899,"4/29/2011","3928","FIRST NATIONAL BANK OF CENTRAL FLORIDA",342079,308784,"FAILURE"
19797,"VALDOSTA, GA",212045,"4/29/2011","3929","THE PARK AVENUE BANK",849409,724483,"FAILURE"
34898,"COCOA BEACH, FL",18527,"5/6/2011","3930","COASTAL BANK",129429,123950,"FAILURE"
57213,"MACON, GA",280971,"5/20/2011","3931","ATLANTIC SOUTHERN BANK",741855,707643,"FAILURE"
57647,"FRANKLIN, GA",134595,"5/20/2011","3932","FIRST GEORGIA BANKING COMPANY",730981,702231,"FAILURE"
513,"BURLINGTON, WA",24195,"5/20/2011","3933","SUMMIT BANK",142729,131631,"FAILURE"
23626,"SNOHOMISH, WA",33596,"5/27/2011","3934","FIRST HERITAGE BANK",173478,163303,"FAILURE"
58420,"CHARLESTON, SC",31204,"6/3/2011","3935","ATLANTIC BANK AND TRUST",208204,191614,"FAILURE"
27583,"TAMPA, FL",33477,"6/17/2011","3936","FIRST COMMERCIAL BANK OF TAMPA BAY",98624,92641,"FAILURE"
19237,"JACKSON, GA",75418,"6/17/2011","3937","MCINTOSH STATE BANK",339929,324403,"FAILURE"
57593,"CLAYTON, GA",34480,"6/24/2011","3938","MOUNTAIN HERITAGE BANK",103716,89554,"FAILURE"
34522,"CASTLE ROCK, CO",254944,"7/8/2011","3939","COLORADO CAPITAL BANK",665806,635202,"FAILURE"
27935,"CHICAGO, IL",192899,"7/8/2011","3940","FIRST CHICAGO BANK & TRUST",896864,830530,"FAILURE"
57835,"WINDSOR, CO",23311,"7/8/2011","3941","SIGNATURE  BANK",62518,60349,"FAILURE"
34870,"PORT SAINT LUCIE, FL",13110,"7/15/2011","3942","FIRST PEOPLES BANK",225035,207621,"FAILURE"
19554,"STOCKBRIDGE, GA",70772,"7/15/2011","3943","HIGH TRUST BANK",180340,177221,"FAILURE"
58238,"ATLANTA, GA",40555,"7/15/2011","3944","ONE GEORGIA BANK",177715,158123,"FAILURE"
57442,"PRESCOTT, AZ",14868,"7/15/2011","3945","SUMMIT BANK",73066,67471,"FAILURE"
2994,"GREELEY, CO",135593,"7/22/2011","3946","BANK OF CHOICE",954106,818670,"FAILURE"
35244,"SARASOTA, FL",37389,"7/22/2011","3947","LANDMARK BANK OF FLORIDA",266482,244362,"FAILURE"
58056,"APOLLO BEACH, FL",11403,"7/22/2011","3948","SOUTHSHORE COMMUNITY BANK",41252,41434,"FAILURE"
58222,"COLUMBIA, SC",49181,"7/29/2011","3949","BANKMERIDIAN, N.A.",232648,209737,"FAILURE"
4392,"EVANSVILLE, IN",26416,"7/29/2011","3950","INTEGRA BANK NATIONAL ASSOCIATION",1994430,1693592,"FAILURE"
58283,"RICHMOND, VA",19851,"7/29/2011","3951","VIRGINIA BUSINESS BANK",83493,72955,"FAILURE"
22637,"SHOREWOOD, IL",29378,"8/5/2011","3952","BANK OF SHOREWOOD",110723,104021,"FAILURE"
22528,"COLFAX, WA",100914,"8/5/2011","3953","BANK OF WHITMAN",548570,515732,"FAILURE"
4744,"OLATHE, KS",103328,"8/12/2011","3954","THE FIRST NATIONAL BANK OF OLATHE",538091,524290,"FAILURE"
34130,"HUNTINGDON VALLEY, PA",15828,"8/18/2011","3955","PUBLIC SAVINGS BANK",46818,45770,"FAILURE"
57212,"GENEVA, IL",34064,"8/19/2011","3956","FIRST CHOICE BANK",141016,137215,"FAILURE"
57239,"STATESBORO, GA",22171,"8/19/2011","3957","FIRST SOUTHERN NATIONAL BANK",164599,159673,"FAILURE"
35356,"PALM BEACH, FL",183721,"8/19/2011","3958","LYDIAN PRIVATE BANK",1700117,1253835,"FAILURE"
58226,"WOODSTOCK, GA",33845,"9/2/2011","3959","CREEKSIDE BANK",102338,96583,"FAILURE"
58273,"CUMMING, GA",54248,"9/2/2011","3960","PATRIOT BANK OF GEORGIA",150751,140612,"FAILURE"
25155,"MILTON, FL",75749,"9/9/2011","3961","THE FIRST NATIONAL BANK OF FLORIDA",296841,280095,"FAILURE"
20408,"NORFOLK, VA",238719,"9/23/2011","3962","BANK OF THE COMMONWEALTH",985096,901845,"FAILURE"
33983,"NEVADA CITY, CA",40895,"9/23/2011","3963","CITIZENS BANK OF NORTHERN CALIFORNIA",288765,253079,"FAILURE"
33513,"PLANO, TX",58022,"9/30/2011","3964","FIRST INTERNATIONAL BANK",239916,208775,"FAILURE"
20115,"ELLINGTON, MO",93109,"10/7/2011","3965","SUN SECURITY BANK",351492,280649,"FAILURE"
10216,"WYOMING, MN",71176,"10/7/2011","3966","THE RIVERBANK",419723,384120,"FAILURE"
32347,"ASHEVILLE, NC",44112,"10/14/2011","3967","BLUE RIDGE SAVINGS BANK, INC.",161430,159628,"FAILURE"
35395,"ALEDO, IL",69305,"10/14/2011","3968","COUNTRY BANK",195034,180835,"FAILURE"
58046,"CRANFORD, NJ",45629,"10/14/2011","3969","FIRST STATE BANK",191852,188099,"FAILURE"
57256,"GRAY, GA",88194,"10/14/2011","3970","PIEDMONT COMMUNITY BANK",198993,178773,"FAILURE"
21132,"GREENWOOD VILLAGE, CO",169247,"10/21/2011","3971","COMMUNITY BANKS OF COLORADO",1280964,1239630,"FAILURE"
57036,"JONESBORO, GA",64965,"10/21/2011","3972","COMMUNITY CAPITAL BANK",165291,157808,"FAILURE"
34392,"DECATUR, GA",24568,"10/21/2011","3973","DECATUR FIRST BANK",184750,172042,"FAILURE"
57537,"CLEARWATER, FL",26299,"10/21/2011","3974","OLD HARBOR BANK",209048,212184,"FAILURE"
57759,"DES PLAINES, IL",13753,"10/28/2011","3975","ALL AMERICAN BANK",34800,30542,"FAILURE"
19397,"OMAHA, NE",10944,"11/4/2011","3976","MID CITY BANK, INC.",106075,105461,"FAILURE"
57087,"SAINT GEORGE, UT",43575,"11/4/2011","3977","SUNFIRST BANK",198081,169135,"FAILURE"
57860,"ROCKMART, GA",20301,"11/10/2011","3978","COMMUNITY BANK OF ROCKMART",62383,55906,"FAILURE"
19657,"LACOMBE, LA",48824,"11/18/2011","3979","CENTRAL PROGRESSIVE BANK",383132,347720,"FAILURE"
14194,"JOHNSTON, IA",16053,"11/18/2011","3980","POLK COUNTY BANK",91580,81967,"FAILURE"
58343,"CRESTVIEW, FL",25065,"12/16/2011","3981","PREMIER COMMUNITY BANK OF THE EMERALD COAST",125976,112050,"FAILURE"
57917,"PHOENIX, AZ",41735,"12/16/2011","3982","WESTERN NATIONAL BANK",162872,144491,"FAILURE"
31581,"BOOTHWYN, PA",4671,"1/20/2012","3983","AMERICAN EAGLE SAVINGS BANK",19259,17548,"FAILURE"
57186,"BELLEVIEW, FL",13697,"1/20/2012","3984","CENTRAL FLORIDA STATE BANK",71485,71080,"FAILURE"
19252,"STOCKBRIDGE, GA",192145,"1/20/2012","3985","THE FIRST STATE BANK",516760,509065,"FAILURE"
19869,"KNOXVILLE, TN",74064,"1/27/2012","3986","BANKEAST",261947,259571,"FAILURE"
16579,"JACKSONVILLE, FL",54383,"1/27/2012","3987","FIRST GUARANTY BANK AND TRUST COMPANY OF JACKSONVILLE",397082,378309,"FAILURE"
34823,"FOREST LAKE, MN",35346,"1/27/2012","3988","PATRIOT BANK MINNESOTA",105029,102833,"FAILURE"
35296,"FRANKLIN, TN",351815,"1/27/2012","3989","TENNESSEE COMMERCE BANK",1009154,1037716,"FAILURE"
23187,"HOFFMAN ESTATES, IL",18454,"2/10/2012","3990","CHARTER NATIONAL BANK AND TRUST",93894,89485,"FAILURE"
29761,"SHELBYVILLE, IN",38269,"2/10/2012","3991","SCB BANK",182561,171365,"FAILURE"
5687,"ELLAVILLE, GA",51763,"2/24/2012","3992","CENTRAL BANK OF GEORGIA",278860,266589,"FAILURE"
29178,"LITTLE FALLS, MN",43037,"2/24/2012","3993","HOME SAVINGS OF AMERICA",434111,432223,"FAILURE"
34046,"DORAVILLE, GA",40289,"3/2/2012","3994","GLOBAL COMMERCE BANK",143678,116813,"FAILURE"
57597,"CHICAGO, IL",13227,"3/9/2012","3995","NEW CITY BANK",71202,72399,"FAILURE"
58068,"ROCK SPRING, GA",30279,"3/23/2012","3996","CONVENANT BANK & TRUST",95725,90632,"FAILURE"
35419,"WILMETTE, IL",69338,"3/23/2012","3997","PREMIER BANK",268703,198953,"FAILURE"
33883,"DEARBORN, MI",97229,"3/30/2012","3998","FIDELITY BANK",818237,747640,"FAILURE"
35527,"FORT LEE, NJ",11925,"4/20/2012","3999","FORT LEE FEDERAL SAVINGS BANK, FSB",48861,47786,"FAILURE"
26759,"CAMBRIDGE, MD",57856,"4/27/2012","4000","BANK OF THE EASTERN SHORE",162460,150951,"FAILURE"
57766,"GAITHERSBURG, MD",26694,"4/27/2012","4001","HARVEST BANK OF MARYLAND",163019,145534,"FAILURE"
31495,"MAPLE GROVE, MN",79681,"4/27/2012","4002","INTER SAVINGS BANK, FSB D/B/A/ INTERBANK, FSB",463840,458053,"FAILURE"
23632,"PALM DESERT, CA",26331,"4/27/2012","4003","PALM DESERT NATIONAL BANK",129253,129023,"FAILURE"
32503,"PAWLEYS ISLAND, SC",83230,"4/27/2012","4004","PLANTATION FEDERAL BANK",433512,415943,"FAILURE"
23156,"NORTH LAUDERDALE, FL",15098,"5/4/2012","4005","SECURITY BANK, NATIONAL ASSOCIATION",101026,99067,"FAILURE"
35224,"SYLACAUGA, AL",10672,"5/18/2012","4006","ALABAMA TRUST BANK, NATIONAL ASSOCIATION",51553,45149,"FAILURE"
35372,"CHARLESTON, SC",17630,"6/8/2012","4007","CAROLINA FEDERAL SAVINGS BANK",54373,53082,"FAILURE"
9257,"SHABBONA, IL",10243,"6/8/2012","4008","FARMERS' AND TRADERS' STATE BANK",43077,42302,"FAILURE"
416,"KINGFISHER, OK",8725,"6/8/2012","4009","FIRST CAPITAL BANK",44448,44828,"FAILURE"
34515,"WHITEVILLE, NC",23756,"6/8/2012","4010","WACCAMAW BANK",533114,472704,"FAILURE"
27405,"PALATKA, FL",28751,"6/15/2012","4011","PUTNAM STATE BANK",169489,160024,"FAILURE"
35299,"MARIETTA, GA",44760,"6/15/2012","4012","SECURITY EXCHANGE BANK",150962,147896,"FAILURE"
1690,"LYNCHBURG, TN",33106,"6/15/2012","4013","THE FARMERS BANK OF LYNCHBURG",163859,156402,"FAILURE"
19498,"AILEY, GA",65798,"7/6/2012","4014","MONTGOMERY BANK & TRUST",153208,164181,"FAILURE"
1056,"GLASGOW, MO",1396,"7/13/2012","4015","GLASGOW SAVINGS BANK",22341,21809,"FAILURE"
32711,"WOODSTOCK, GA",36215,"7/20/2012","4016","FIRST CHEROKEE STATE BANK",209021,182114,"FAILURE"
57847,"BUFORD, GA",25335,"7/20/2012","4017","GEORGIA TRUST BANK",116890,114748,"FAILURE"
1361,"LEAWOOD, KS",363,"7/20/2012","4018","HEARTLAND BANK",96002,89723,"FAILURE"
27986,"CHICAGO, IL",86252,"7/20/2012","4019","SECOND FEDERAL SAVINGS AND LOAN ASSOCIATION OF CHICAGO",190891,171627,"FAILURE"
57096,"NAPLES, FL",16848,"7/20/2012","4020","THE ROYAL PALM BANK OF FLORIDA",78771,78876,"FAILURE"
16240,"JASPER, GA",49244,"7/27/2012","4021","JASPER BANKING COMPANY",206672,204238,"FAILURE"
28243,"WAUKEGAN, IL",23518,"8/3/2012","4022","WAUKEGAN SAVINGS BANK",83679,73001,"FAILURE"
35246,"BLOOMINGTON, MN",65213,"9/7/2012","4023","FIRST COMMERCIAL BANK",215867,206809,"FAILURE"
27316,"ST. LOUIS, MO",39469,"9/14/2012","4024","TRUMAN BANK",282338,245716,"FAILURE"
20685,"CRETE, IL",33841,"9/28/2012","4025","FIRST UNITED BANK",328422,316877,"FAILURE"
19189,"SEDALIA, MO",29582,"10/19/2012","4026","EXCEL BANK",186113,173670,"FAILURE"
28144,"TAMARAC, FL",12370,"10/19/2012","4027","FIRST EAST SIDE SAVINGS BANK",65686,64888,"FAILURE"
58073,"DESTIN, FL",40332,"10/19/2012","4028","GULFSOUTH PRIVATE BANK",139391,131579,"FAILURE"
27148,"BERWYN, PA",85428,"10/26/2012","4029","NOVA BANK",444710,395248,"FAILURE"
3731,"PRINCETON, IL",32458,"11/2/2012","4030","CITIZENS FIRST NATIONAL BANK",923959,869440,"FAILURE"
35009,"LUTZ, FL",73811,"11/2/2012","4031","HERITAGE BANK OF FLORIDA",225477,223309,"FAILURE"
57928,"BRASELTON, GA",39665,"11/16/2012","4032","HOMETOWN COMMUNITYBANK",124561,108931,"FAILURE"
27331,"SUNRISE, MO",13419,"12/14/2012","4033","COMMUNITY BANK OF THE OZARKS",42816,41881,"FAILURE"
33997,"UNIVERSITY PLACE, WA",22860,"1/11/2013","4034","WESTSIDE COMMUNITY BANK",91935,91879,"FAILURE"
57157,"ANDOVER, MN",12229,"1/18/2013","4035","1ST REGENTS BANK",49626,49147,"FAILURE"
22476,"CHICAGO, IL",19576,"2/15/2013","4036","COVENANT BANK",58422,54202,"FAILURE"
16431,"LAGRANGE, GA",73446,"3/8/2013","4037","FRONTIER BANK",258840,224108,"FAILURE"
58066,"GOLD CANYON, AZ",8263,"4/5/2013","4038","GOLD CANYON BANK",42125,41728,"FAILURE"
58034,"MARIANNA, FL",7920,"4/19/2013","4039","CHIPOLA COMMUNITY BANK",37471,37067,"FAILURE"
29594,"LEXINGTON, KY",7767,"4/19/2013","4040","FIRST FEDERAL BANK",92982,87196,"FAILURE"
26680,"ORANGE PARK, FL",25231,"4/19/2013","4041","HERITAGE BANK OF NORTH FLORIDA",103960,106348,"FAILURE"
21649,"DOUGLASVILLE, GA",89606,"4/26/2013","4042","DOUGLAS COUNTY BANK",317288,315326,"FAILURE"
57158,"LENOIR, NC",16490,"4/26/2013","4043","PARKWAY BANK",109642,104709,"FAILURE"
58701,"ASHEVILLE, NC",7943,"5/10/2013","4044","PISGAH COMMUNITY BANK",21880,21246,"FAILURE"
58185,"VALDOSTA, GA",16002,"5/10/2013","4045","SUNRISE BANK",60793,57775,"FAILURE"
34527,"SCOTTSDALE, AZ",5425,"5/14/2013","4046","CENTRAL ARIZONA BANK",31550,30822,"FAILURE"
35386,"KENOSHA, WI",22473,"5/31/2013","4047","BANKS OF WISCONSIN",134024,127590,"FAILURE"
58358,"NORTH LAS VEGAS, NV",5208,"6/6/2013","4048","1st COMMERCE BANK",20152,19579,"FAILURE"
34789,"SEVIERVILLE, TN",33292,"6/7/2013","4049","MOUNTAIN NATIONAL BANK",437282,373366,"FAILURE"
34943,"FORT MYERS, FL",24921,"8/2/2013","4050","FIRST COMMUNITY BANK OF SOUTHWEST FLORIDA",247315,243618,"FAILURE"
35016,"WAUSAU, WI",13428,"8/9/2013","4051","BANK OF WAUSAU",43564,40663,"FAILURE"
19849,"PARSONS, TN",129719,"8/23/2013","4052","COMMUNITY SOUTH BANK",386908,377672,"FAILURE"
34707,"PHOENIX, AZ",15391,"8/23/2013","4053","SUNRISE BANK OF ARIZONA",202179,196924,"FAILURE"
14318,"EDINBURG, TX",616177,"9/13/2013","4054","FIRST NATIONAL BANK",3085764,2338335,"FAILURE"
57041,"BRIDGEPORT, CT",9211,"9/13/2013","4055","THE COMMUNITY'S BANK",26368,25715,"FAILURE"
14794,"GRACEVILLE, FL",5849,"10/30/2013","4056","BANK OF JACKSON COUNTY",24724,24591,"FAILURE"
57431,"THE WOODLANDS, TX",14203,"12/13/2013","4057","TEXAS COMMUNITY BANK, NATIONAL ASSOCIATION",159257,142640,"FAILURE"
5732,"WEST CHICAGO, IL",1530,"1/17/2014","4058","DUPAGE NATIONAL BANK",53524,51878,"FAILURE"
17967,"EL RENO, OK",93335,"1/24/2014","4059","THE  BANK OF UNION",317172,315843,"FAILURE"
34296,"BOISE, ID",3487,"1/31/2014","4060","SYRINGA BANK",153361,145813,"FAILURE"
35096,"STERLING, VA",10940,"2/28/2014","4061","MILLENNIUM BANK, NATIONAL ASSOCIATION",130305,121704,"FAILURE"
58531,"HORSHAM, PA",8956,"2/28/2014","4062","VANTAGE POINT BANK",63453,62472,"FAILURE"
15062,"FAIRFAX, SC",22149,"4/25/2014","4063","ALLENDALE COUNTY BANK",49498,49356,"FAILURE"
57866,"BERWYN, IL",21715,"5/16/2014","4064","AZTECAMERICA BANK",66309,65031,"FAILURE"
32284,"CINCINNATI, OH",7224,"5/23/2014","4065","COLUMBIA SAVINGS BANK",36484,29538,"FAILURE"
32368,"BEL AIR, MD",10954,"5/30/2014","4066","SLAVIE FEDERAL SAVINGS BANK",140063,111142,"FAILURE"
10450,"MOLINE, IL",47807,"6/20/2014","4067","VALLEY BANK",456442,359953,"FAILURE"
21793,"FORT LAUDERDALE, FL",5439,"6/20/2014","4068","VALLEY BANK",81843,66541,"FAILURE"
12483,"FREEDOM, OK",3734,"6/27/2014","4069","THE FREEDOM STATE BANK",22816,20855,"FAILURE"
58125,"CONYERS, GA",38334,"7/18/2014","4070","EASTSIDE COMMERCIAL BANK",173946,166875,"FAILURE"
28462,"CHICAGO, IL",18412,"7/25/2014","4071","GREENCHOICE BANK, FSB",70286,68722,"FAILURE"
4862,"RISING SUN, MD",19837,"10/17/2014","4072","NBRS FINANCIAL BANK",155353,151559,"FAILURE"
916,"CHICAGO, IL",54424,"10/24/2014","4073","THE NATIONAL REPUBLIC BANK OF CHICAGO",843118,809638,"FAILURE"
34738,"PALM DESERT, CA",2905,"11/7/2014","4074","FRONTIER BANK, FSB",80736,76344,"FAILURE"
34983,"MANKATO, MN",3946,"12/19/2014","4075","NORTHERN STAR BANK",18794,18221,"FAILURE"
17557,"CRESTVIEW, FL",6329,"1/16/2015","4076","FIRST NATIONAL BANK OF CRESTVIEW",73804,73199,"FAILURE"
20290,"CHICAGO, IL",4743,"1/23/2015","4077","HIGHLAND COMMUNITY BANK",54727,53453,"FAILURE"
33938,"ATLANTA, GA",95942,"2/13/2015","4078","CAPITOL CITY BANK & TRUST COMPANY",272311,262652,"FAILURE"
32102,"SAN JUAN, PR",690472,"2/27/2015","4079","DORAL BANK",5898515,4097734,"FAILURE"
57772,"CHICAGO, IL",20647,"5/8/2015","4080","EDGEBROOK BANK",90034,90007,"FAILURE"
34112,"DENVER, CO",1210,"7/10/2015","4081","PREMIER BANK",26760,25480,"FAILURE"
35156,"LONGVIEW, WA",995,"10/2/2015","4082","HOMETOWN NATIONAL BANK",3785,3705,"FAILURE"
35259,"PEACHTREE CITY, GA",27760,"10/2/2015","4083","THE BANK OF GEORGIA",286102,264234,"FAILURE"
20364,"MILWAUKEE, WI",11773,"3/11/2016","4084","NORTH MILWAUKEE STATE BANK",67115,61493,"FAILURE"
9956,"MEMPHIS, TN",10372,"4/29/2016","4085","TRUST COMPANY BANK",18998,20148,"FAILURE"
35312,"KING OF PRUSSIA, PA",10825,"5/6/2016","4086","FIRST CORNERSTONE BANK",103307,101040,"FAILURE"
11297,"WOODBURY, GA",3290,"8/19/2016","4087","THE WOODBURY BANKING COMPANY",21426,21122,"FAILURE"
91,"MULBERRY, AR",6213,"9/23/2016","4088","ALLIED BANK",66336,64713,"FAILURE"
34951,"PENNSVILLE, NJ",22158,"1/13/2017","4089","HARVEST COMMUNITY BANK",124223,122177,"FAILURE"
19328,"CHICAGO, IL",43691,"1/27/2017","4090","SEAWAY BANK AND TRUST COMPANY",297809,256505,"FAILURE"
35495,"COTTONWOOD HEIGHTS, UT",10092,"3/3/2017","4091","PROFICIO BANK",68208,65042,"FAILURE"
58302,"NEW ORLEANS, LA",754852,"4/28/2017","4092","FIRST NBC BANK",3325870,3032208,"FAILURE"
30003,"MILWAUKEE, WI",131962,"5/5/2017","4093","GUARANTY BANK",1031900,1002026,"FAILURE"
1802,"SAINT ELMO, IL",8088,"5/26/2017","4094","FAYETTE COUNTY BANK",34370,33972,"FAILURE"
17719,"ARGONIA, KS",280,"10/13/2017","4095","THE FARMERS AND MERCHANTS STATE BANK OF ARGONIA",33012,27466,"FAILURE"
30570,"CHICAGO, IL",75199,"12/15/2017","4096","WASHINGTON FEDERAL BANK FOR SAVINGS",166345,143964,"FAILURE"
10716,"COOPER, TX",18263,"5/31/2019","4097","ENLOE STATE BANK",36738,31254,"FAILURE"
58112,"LOUISA, KY",4264,"10/25/2019","4098","LOUISA COMMUNITY BANK",28163,25174,"FAILURE"
58317,"MAUMEE, OH",1571,"10/25/2019","4099","RESOLUTE BANK",23292,22885,"FAILURE"
21111,"NEWARK, NJ",1618,"11/1/2019","4100","CITY NATIONAL BANK OF NEW JERSEY",120574,111234,"FAILURE"
18265,"ERICSON, NE",23279,"2/14/2020","4101","ERICSON STATE BANK",100879,95159,"FAILURE"
14361,"BARBOURSVILLE, WV",43705,"4/3/2020","4102","THE FIRST STATE BANK",151808,143102,"FAILURE"
16748,"FORT WALTON BEACH, FL",7247,"10/16/2020","4103","FIRST CITY BANK OF FLORIDA",136566,133936,"FAILURE"
15426,"ALMENA, KS",15861,"10/23/2020","4104","ALMENA STATE BANK",65733,64941,"FAILURE"
24735,"SANTA CLARA, CA",18894401,"3/10/2023","4105","SILICON VALLEY BANK",209026000,175378000,"FAILURE"
57053,"NEW YORK, NY",0,"3/12/2023","4106","SIGNATURE BANK",110363650,88612911,"FAILURE"
59017,"SAN FRANCISCO, CA",15639197,"5/1/2023","4107","FIRST REPUBLIC BANK",212638872,176436706,"FAILURE"
25851,"ELKHART, KS",43408,"7/28/2023","4108","HEARTLAND TRI-STATE BANK",139446,130110,"FAILURE"
8758,"SAC CITY, IA",14114,"11/3/2023","4109","CITIZENS BANK",60448,52311,"FAILURE"
27332,"PHILADELPHIA, PA",712503,"4/26/2024","4110","REPUBLIC BANK",5866190,4373927,"FAILURE"
4134,"LINDSAY, OK",45030,"10/18/2024","4111","FIRST NB OF LINDSAY",107850,97515,"FAILURE"